Model,RMSE,MAE,R²,MAPE (%),Dir. Acc. (%),Sharpe Ratio
Linear Regression,8.327261098505925,2.673651576852595,0.9923084818153968,2.454785636428757,98.67109634551495,5.5554821748932985
Random Forest,10.674387081134304,2.619423884250931,0.9873615561906602,1.6832413116146205,98.00664451827242,5.731826991780906
